Learn HTML5 Programming From Scratch,All Levels,268923
Coding for Entrepreneurs Basic,Beginner Level,161029
The Web Developer Bootcamp,All Levels,121584
Build Your First Website in 1 Week with HTML5 and CSS3,Beginner Level,120291
The Complete Web Developer Course 2.0,All Levels,114512
Free Beginner Electric Guitar Lessons,Beginner Level,101154
Web Design for Web Developers: Build Beautiful Websites!,All Levels,98867
Learn Javascript & JQuery From Scratch,All Levels,84897
Practical PHP: Master the Basics and Code Dynamic Websites,All Levels,83737
JavaScript: Understanding the Weird Parts,All Levels,79612
Pianoforall - Incredible New Way To Learn Piano & Keyboard,All Levels,75499
Angular 4 (formerly Angular 2) - The Complete Guide,All Levels,73783
Beginner Photoshop to HTML5 and CSS3,All Levels,73110
Web Development By Doing: HTML / CSS From Scratch,Beginner Level,72932
HTML and CSS for Beginners - Build a Website & Launch ONLINE,All Levels,70773
Become a Web Developer from Scratch,All Levels,69186
Bitcoin or How I Learned to Stop Worrying and Love Crypto,All Levels,65576
Quickstart AngularJS,Beginner Level,64128
Learn Responsive Web Development from Scratch,All Levels,59639
Learn and Understand AngularJS,All Levels,59361
Learn and Understand NodeJS,All Levels,58208
The Complete HTML & CSS Course - From Novice To Professional,All Levels,57422
Accounting in 60 Minutes - A Brief Introduction,Beginner Level,56659
Complete PHP Course With Bootstrap3 CMS System & Admin Panel,All Levels,55332
Photoshop In-Depth: Master all of Photoshop's Tools Easily,All Levels,53851
Build Websites from Scratch with HTML & CSS,Beginner Level,51257
Stock Market Investing for Beginners,Beginner Level,50855
Modern React with Redux,All Levels,50815
Learn PHP Fundamentals From Scratch,Beginner Level,48650
Learning Dynamic Website Design - PHP MySQL and JavaScript,All Levels,47886
Figure Drawing From Life Using The Reilly Technique.,All Levels,47811
Getting Started with Playing Guitar,Beginner Level,47652
Javascript Essentials,Beginner Level,47062
Professional Logo Design in Adobe Illustrator,All Levels,44044
Build Responsive Real World Websites with HTML5 and CSS3,All Levels,43977
Learn Web Designing & HTML5/CSS3 Essentials in 4-Hours,All Levels,43285
Learn Web Designing & HTML5/CSS3 Essentials in 4-Hours,All Levels,43285
Bootstrap 4 Quick Start: Code Modern Responsive Websites,All Levels,41478
Angular 2 with TypeScript for Beginners: The Pragmatic Guide,All Levels,40070
The Complete Web Developer Masterclass: Beginner To Advanced,All Levels,37141
Learn Object Oriented PHP By Building a Complete Website,All Levels,36322
Photoshop for Entrepreneurs - Design 11 Practical Projects,All Levels,36288
Web Programming with Python,All Levels,35267
Ultimate Web Designer & Developer Course: Build 23 Projects!,All Levels,33788
The Complete Ruby on Rails Developer Course,All Levels,33677
"Logo Design Essentials ",All Levels,33205
Complete Guitar System - Beginner to Advanced,All Levels,32935
Learn Angular 2 from Beginner to Advanced,Beginner Level,32696
Create An HTML5 Video Player From Scratch,Beginner Level,32260
The Complete JavaScript Course For Web Development Beginners,All Levels,31499
The Original Complete Web Developer Course.,Beginner Level,31070
AngularJS For Beginners,All Levels,30531
Learn E-Commerce Website in PHP & MySQL From Scratch!,All Levels,29990
Angular 2+ with Typescript - Essential Training,Beginner Level,29348
Introduction to Financial Modeling,Intermediate Level,29167
PHP for Beginners -Become a PHP Master - Project Included,All Levels,28880
Javascript - From Beginner to Pro-Build real world JS apps,Beginner Level,28694
Essentials of JavaScript Practice Coding Exercises Tips,Beginner Level,28125
The Complete JavaScript Course: Build a Real-World Project,All Levels,27801
Introduction to Web Development: HTML,Beginner Level,26800
The Ultimate Drawing Course - Beginner to Advanced,Beginner Level,26742
"EMMET Faster HTML & CSS workflow - Best Tool For Developers ",All Levels,26697
Become a Certified Web Developer,All Levels,26673
Master the Basics of HTML5 & CSS3: Beginner Web Development,Beginner Level,26541
Learn Guitar in 21 Days,Beginner Level,26504
CSS Development (with CSS3!),All Levels,25864
HTML Workshop,All Levels,25854
Master the MEAN Stack - Learn By Example,Intermediate Level,25799
Logo Designing for Your Business in an Hour,All Levels,25277
The Complete Bootstrap Masterclass Course - Build 4 Projects,All Levels,24978
The Ultimate Web Developer How To Guide,All Levels,24861
How To Make Graphics For A Website,All Levels,24857
Learn to Design a Letterhead - A Beginners Course,All Levels,24687
Running a Web Development Business: The Complete Guide,All Levels,24575
The Complete Financial Analyst Course 2017,All Levels,24481
Programming Foundations: HTML5 + CSS3 for Entrepreneurs 2015,Beginner Level,23764
Learn to Use jQuery UI Widgets,Beginner Level,23669
WordPress Development For Beginners,All Levels,23572
"Coding for Entrepreneurs: Learn Python, Django, and More.",All Levels,23412
Graphic Design - An Overview of the Field,Beginner Level,23229
1 Hour JavaScript,Beginner Level,22999
"Build Responsive Website Using HTML5, CSS3, JS And Bootstrap",All Levels,22623
Get Results - Core Principles of Web Development Tricks Tips,All Levels,22355
Forex Basics,Beginner Level,22344
Beginner to Pro in Excel: Financial Modeling and Valuation,All Levels,22257
Learn Object Oriented Programming PHP fundamentals bootcamp,All Levels,22213
Advanced React and Redux,Intermediate Level,21998
Become A Web Developer And Seller - Build Websites With HTML,Beginner Level,21730
The Professional Guitar Masterclass,All Levels,21701
AngularJS Authentication: Secure Your App with Auth0,All Levels,21689
MongooseJS Essentials - Learn MongoDB for Node.js,Beginner Level,21682
Mastering HTML5 Programming - The Easier Way,All Levels,21653
ExpressJS Fundamentals,Beginner Level,21245
Spring Framework 4 And Dependency Injection For Beginners,Beginner Level,21147
Learn to Setup Websites from Scratch,Beginner Level,21087
Sass Workflow,Beginner Level,20890
The Complete ASP.NET MVC 5 Course,All Levels,20652
Black Algo Trading: Build Your Trading Robot,All Levels,20195
HTML Complete Course - Beginner to Expert,All Levels,20073
Joomla 3 - The Basics,Beginner Level,19909
